wavelength,flux
3808.026,98.7749
3808.904,98.6593
3809.781,100.2278
3810.659,101.1902
3811.536,99.5274
3812.413,104.4256
3813.292,99.4241
3814.169,99.6565
3815.048,98.2428
3815.926,99.1098
3816.806,106.6174
3817.684,103.1805
3818.562,100.9946
3819.443,103.7484
3820.322,105.8744
3821.202,99.2250
3822.082,94.4047
3822.963,95.7203
3823.842,93.7919
3824.724,92.5443
3825.604,99.1771
3826.484,93.7422
3827.366,104.0480
3828.247,101.9549
3829.130,101.2686
3830.010,101.3000
3830.894,97.4812
3831.775,104.2534
3832.656,108.9206
3833.540,98.7925
3834.422,102.8535
3835.306,105.6573
3836.189,99.3148
3837.073,97.2584
3837.956,105.9212
3838.839,103.3285
3839.724,93.5973
3840.608,95.6869
3841.493,105.1393
3842.377,106.2245
3843.263,113.0356
3844.147,102.0347
3845.031,95.4309
3845.918,94.6164
3846.803,100.5084
3847.690,101.8343
3848.575,98.1212
3849.463,96.5478
3850.348,102.3133
3851.234,110.0924
3852.122,100.9838
3853.008,109.6092
3853.897,102.7321
3854.783,97.2583
3855.672,99.5173
3856.559,100.9633
3857.446,102.5109
3858.336,107.5457
3859.223,108.7747
3860.114,102.5990
3861.001,106.4397
3861.892,94.5182
3862.780,99.6933
3863.669,99.8719
3864.560,106.1417
3865.449,112.5489
3866.340,107.2710
3867.230,104.8540
3868.121,103.3260
3869.011,104.9314
3869.901,96.8619
3870.794,110.6848
3871.684,99.1046
3872.577,104.7595
3873.468,110.5389
3874.361,103.5185
3875.252,106.5375
3876.144,108.7719
3877.038,100.9869
3877.930,100.7299
3878.824,102.7246
3879.716,110.1393
3880.611,100.7052
3881.504,99.2784
3882.396,101.0466
3883.292,102.5320
3884.185,107.4547
3885.081,101.7394
3885.975,105.8518
3886.871,94.3379
3887.765,102.9512
3888.659,103.4338
3889.556,109.0298
3890.451,102.0825
3891.348,93.9456
3892.243,99.7634
3893.141,99.6010
3894.036,101.8158
3894.934,96.6472
3895.830,100.0252
3896.726,100.2200
3897.625,101.6181
3898.521,102.3379
3899.421,102.0459
3900.318,98.5903
3901.217,95.3661
3902.115,104.0164
3903.012,103.2097
3903.912,91.0098
3904.810,95.6193
3905.711,96.6624
3906.609,105.6120
3907.510,100.2031
3908.409,97.7204
3909.308,106.6753
3910.210,103.5977
3911.109,100.7952
3912.011,96.8163
3912.911,95.1930
3913.813,95.2632
3914.714,100.9879
3915.614,105.1970
3916.517,99.2271
3917.418,95.2577
3918.322,101.0369
3919.223,99.9599
3920.127,99.6345
3921.029,95.2799
3921.931,101.0052
3922.835,101.4173
3923.737,98.9675
3924.642,99.7713
3925.545,94.1784
3926.450,90.2686
3927.354,99.2301
3928.257,104.9501
3929.163,103.9799
3930.067,99.0962
3930.973,107.2923
3931.877,104.7709
3932.784,104.9340
3933.689,99.9093
3934.594,96.2393
3935.501,98.0078
3936.406,94.2249
3937.314,101.5299
3938.220,99.7634
3939.128,100.3318
3940.034,104.3671
3940.941,101.3074
3941.849,97.5719
3942.756,94.6645
3943.665,98.0058
3944.573,105.2752
3945.482,103.3214
3946.390,108.0506
3947.298,97.1736
3948.208,98.9935
3949.116,106.2189
3950.027,107.2031
3950.936,98.9029
3951.847,98.3390
3952.756,101.2286
3953.665,93.0532
3954.577,96.5107
3955.487,97.8753
3956.399,101.4680
3957.309,101.9269
3958.221,95.6306
3959.132,94.0348
3960.045,95.6943
3960.956,100.4349
3961.867,101.4716
3962.781,96.7695
3963.692,98.4024
3964.606,95.6822
3965.519,99.6893
3966.433,98.2469
3967.345,102.5406
3968.258,99.6068
3969.173,102.6909
3970.086,105.3659
3971.002,100.2406
3971.915,97.0722
3972.831,95.5478
3973.745,98.0000
3974.659,96.1720
3975.576,101.6359
3976.490,95.4229
3977.407,101.6213
3978.323,102.0560
3979.240,99.1985
3980.155,100.9004
3981.071,97.0094
3981.989,99.9008
3982.905,101.9995
3983.823,98.2574
3984.740,98.9378
3985.659,100.5192
3986.576,93.0411
3987.493,91.3545
3988.412,99.6589
3989.330,102.4998
3990.250,96.6336
3991.168,97.8862
3992.088,97.9978
3993.006,92.4272
3993.925,94.8684
3994.846,90.6141
3995.765,95.0268
3996.686,94.5637
3997.606,94.1182
3998.528,102.6496
3999.448,90.1926
4000.367,97.9588
4001.290,97.7187
4002.210,97.4988
4003.133,90.5280
4004.054,92.5289
4004.978,94.2329
4005.899,95.0027
4006.821,95.4817
4007.745,94.0111
4008.667,97.9806
4009.591,99.1574
4010.513,93.3335
4011.438,100.3284
4012.361,87.6455
4013.284,94.8359
4014.209,94.0655
4015.133,90.9830
4016.059,94.2153
4016.983,90.9742
4017.909,90.3204
4018.833,91.2353
4019.758,87.3855
4020.685,93.8373
4021.610,93.0645
4022.537,91.1529
4023.462,98.7492
4024.390,100.5693
4025.316,93.6962
4026.242,90.2725
4027.170,87.2183
4028.097,91.3174
4029.026,91.1552
4029.953,93.5072
4030.882,94.0779
4031.809,97.0520
4032.739,92.6388
4033.667,93.0619
4034.595,95.9192
4035.525,91.6461
4036.453,92.6179
4037.384,94.1031
4038.313,92.7051
4039.244,94.5376
4040.174,87.0626
4041.103,93.1774
4042.035,96.4274
4042.965,93.3477
4043.897,91.3210
4044.827,94.3796
4045.760,100.4180
4046.691,94.0521
4047.622,94.4241
4048.555,95.3588
4049.486,95.9924
4050.420,92.2271
4051.352,90.4613
4052.286,92.5603
4053.219,91.8726
4054.151,90.1044
4055.086,92.6834
4056.019,90.5972
4056.954,90.2123
4057.887,91.6354
4058.823,96.5229
4059.757,89.7269
4060.691,89.0394
4061.627,93.6650
4062.561,89.9557
4063.498,87.8766
4064.433,94.4353
4065.370,85.5090
4066.305,89.6937
4067.241,91.1028
4068.179,92.3423
4069.115,91.7031
4070.053,89.9883
4070.989,89.7754
4071.928,90.8226
4072.865,90.7643
4073.802,90.5597
4074.741,94.1758
4075.679,96.0138
4076.618,87.0512
4077.556,87.5300
4078.497,88.6667
4079.435,87.5947
4080.373,87.9794
4081.314,90.5460
4082.253,93.7686
4083.194,91.9130
4084.134,85.8215
4085.076,91.1194
4086.015,92.5204
4086.955,85.4362
4087.898,93.0177
4088.838,86.8215
4089.781,90.9219
4090.722,91.3888
4091.665,85.6843
4092.606,86.0046
4093.548,89.0845
4094.492,91.6711
4095.434,92.0023
4096.378,87.2250
4097.321,84.6981
4098.266,94.8331
4099.208,89.8952
4100.151,89.5927
4101.097,89.5665
4102.040,85.2710
4102.986,87.7927
4103.930,89.8231
4104.876,92.0594
4105.821,87.8762
4106.768,86.3556
4107.712,90.6896
4108.657,88.2756
4109.604,92.6178
4110.550,92.6399
4111.498,90.7283
4112.444,93.8559
4113.392,88.0217
4114.338,85.3915
4115.285,87.7748
4116.234,89.0511
4117.181,87.0737
4118.130,83.5819
4119.078,90.2890
4120.027,89.3965
4120.975,86.3184
4121.923,90.2484
4122.874,91.1802
4123.822,85.4934
4124.773,89.1133
4125.722,91.7321
4126.673,92.8707
4127.623,86.1452
4128.572,91.3418
4129.524,90.8737
4130.475,91.0858
4131.427,90.1852
4132.377,87.6498
4133.330,92.5877
4134.281,89.0850
4135.232,88.9672
4136.186,87.4629
4137.137,91.4138
4138.091,89.1214
4139.043,93.0879
4139.998,94.2686
4140.950,92.3663
4141.903,92.1462
4142.858,89.9820
4143.811,85.7281
4144.767,88.4047
4145.720,94.6691
4146.676,87.1645
4147.630,92.2681
4148.584,94.4663
4149.541,98.8393
4150.495,95.0576
4151.453,88.5712
4152.407,89.5704
4153.365,91.4482
4154.320,90.3716
4155.276,90.7734
4156.234,86.9146
4157.190,86.3848
4158.149,88.4757
4159.105,90.7757
4160.065,84.2034
4161.022,85.5866
4161.979,88.7059
4162.939,85.5256
4163.896,85.5533
4164.856,84.0095
4165.815,92.0956
4166.775,86.6416
4167.734,86.3473
4168.693,86.4114
4169.654,91.8446
4170.613,90.2741
4171.575,86.8215
4172.535,89.9525
4173.497,92.6259
4174.457,89.0671
4175.417,88.2281
4176.380,89.5207
4177.341,85.4120
4178.304,85.1103
4179.265,84.6441
4180.229,89.4274
4181.191,91.2087
4182.155,85.5269
4183.117,82.8180
4184.080,85.9984
4185.044,88.0713
4186.007,91.6636
4186.972,83.6037
4187.936,84.8370
4188.901,88.5131
4189.865,86.0655
4190.829,89.7266
4191.795,85.7297
4192.759,84.0074
4193.726,88.5729
4194.691,87.5296
4195.658,87.1039
4196.624,87.3208
4197.589,86.2609
4198.557,89.9734
4199.523,87.6223
4200.491,89.9759
4201.458,86.1661
4202.426,87.7374
4203.393,88.0171
4204.360,85.4783
4205.330,86.0273
4206.297,82.7827
4207.267,88.6300
4208.235,83.4023
4209.205,87.8208
4210.174,89.8029
4211.142,84.1655
4212.113,88.2063
4213.082,88.1093
4214.054,83.7882
4215.023,85.0254
4215.995,89.1400
4216.965,86.6817
4217.935,84.0956
4218.908,86.6475
4219.878,85.3999
4220.852,87.8261
4221.822,87.3554
4222.796,87.6321
4223.768,86.6095
4224.739,84.9503
4225.713,86.0173
4226.686,87.1840
4227.660,82.8940
4228.633,79.2711
4229.608,82.5605
4230.581,87.5909
4231.554,83.9158
4232.530,80.8779
4233.503,88.1813
4234.480,83.9465
4235.454,82.3129
4236.431,88.0484
4237.405,87.5974
4238.380,86.8476
4239.357,88.3482
4240.333,83.3160
4241.311,85.1210
4242.286,84.3451
4243.264,84.1194
4244.241,87.2817
4245.217,83.1041
4246.196,85.1992
4247.173,87.1763
4248.152,82.9502
4249.129,82.8005
4250.109,84.5328
4251.087,84.6621
4252.065,81.7689
4253.045,78.6129
4254.024,83.0503
4255.005,82.7514
4255.983,81.6761
4256.965,81.1955
4257.944,81.9507
4258.926,81.8470
4259.906,79.1870
4260.886,78.5125
4261.869,80.0901
4262.849,81.4830
4263.832,78.6904
4264.813,83.0490
4265.796,84.5651
4266.778,82.5709
4267.759,81.4810
4268.743,79.8007
4269.726,78.5547
4270.710,79.1655
4271.692,79.7007
4272.677,78.5561
4273.661,77.1785
4274.644,78.6040
4275.629,80.0439
4276.613,77.2007
4277.599,77.8315
4278.583,76.4740
4279.570,75.4996
4280.554,74.8581
4281.539,79.3827
4282.526,82.7191
4283.512,79.2572
4284.499,83.4888
4285.485,77.7257
4286.473,80.6001
4287.459,81.4732
4288.445,80.5619
4289.435,80.5186
4290.421,80.4363
4291.411,80.5558
4292.398,83.0157
4293.388,81.9398
4294.375,77.5393
4295.363,79.6145
4296.354,81.0482
4297.342,78.5820
4298.333,78.8868
4299.322,79.2905
4300.313,77.1294
4301.303,80.6576
4302.292,81.5831
4303.284,75.9448
4304.274,76.4850
4305.267,80.0931
4306.257,78.7829
4307.250,80.6253
4308.241,78.8481
4309.232,76.3359
4310.226,77.9817
4311.217,79.4990
4312.211,76.9993
4313.204,80.9256
4314.198,77.5088
4315.190,79.1267
4316.184,82.2036
4317.179,77.7234
4318.172,77.8705
4319.167,79.6441
4320.161,74.6191
4321.157,82.5349
4322.151,76.2700
4323.146,81.8060
4324.143,82.3147
4325.138,78.9391
4326.135,79.4873
4327.130,80.2236
4328.128,78.0814
4329.124,78.6426
4330.120,82.8853
4331.118,80.1876
4332.114,73.5642
4333.113,82.6715
4334.110,78.8735
4335.110,78.8201
4336.107,78.4389
4337.107,77.4574
4338.104,83.2489
4339.103,81.5880
4340.103,78.4207
4341.102,80.0748
4342.103,80.4244
4343.102,81.0292
4344.103,81.1802
4345.103,81.4342
4346.102,76.4251
4347.104,82.5296
4348.104,77.4046
4349.107,75.5787
4350.107,76.1309
4351.110,80.2465
4352.111,78.8170
4353.113,78.2788
4354.117,82.2750
4355.118,78.0856
4356.123,79.5508
4357.125,79.7622
4358.129,77.7062
4359.132,80.8218
4360.135,76.6844
4361.140,81.3047
4362.144,79.6014
4363.149,77.5986
4364.153,80.6780
4365.159,81.0794
4366.164,77.5596
4367.168,76.1443
4368.175,76.7434
4369.180,79.7439
4370.188,81.0567
4371.193,77.7779
4372.201,73.5567
4373.207,76.2758
4374.213,80.6627
4375.221,78.7248
4376.228,78.5288
4377.237,78.2174
4378.244,76.9410
4379.253,77.6466
4380.261,76.4923
4381.269,74.5615
4382.279,76.3478
4383.287,80.6623
4384.298,80.9623
4385.307,74.8415
4386.318,78.4159
4387.327,78.5186
4388.336,77.4431
4389.348,76.3822
4390.358,77.8860
4391.370,79.3203
4392.380,77.4266
4393.394,77.1325
4394.404,76.9841
4395.415,79.9179
4396.429,79.9277
4397.440,70.8449
4398.454,77.0446
4399.466,78.2658
4400.480,74.5833
4401.493,78.2927
4402.505,80.7980
4403.521,78.7417
4404.534,77.4551
4405.549,76.2210
4406.562,75.6904
4407.579,74.0408
4408.593,76.5004
4409.607,73.8342
4410.624,74.9356
4411.639,73.7401
4412.656,73.4037
4413.671,78.5982
4414.688,78.9323
4415.704,76.5507
4416.723,75.6076
4417.739,73.4442
4418.755,72.4165
4419.774,75.6256
4420.791,76.1445
4421.810,73.2734
4422.827,73.6311
4423.847,75.8248
4424.865,75.6917
4425.883,77.6640
4426.903,70.2517
4427.922,74.2346
4428.943,78.4737
4429.962,75.1551
4430.983,75.1478
4432.002,76.8178
4433.022,74.9401
4434.044,75.7750
4435.064,72.6528
4436.087,77.7552
4437.108,76.8624
4438.131,75.4260
4439.152,71.4761
4440.173,72.0246
4441.197,71.5345
4442.219,74.9632
4443.243,75.6581
4444.265,75.7357
4445.290,78.8410
4446.312,72.8128
4447.335,71.5811
4448.361,71.5221
4449.384,69.0255
4450.411,74.1654
4451.434,69.5412
4452.461,73.9999
4453.485,74.1323
4454.510,72.3767
4455.537,72.2149
4456.562,71.1158
4457.589,72.3523
4458.615,75.0995
4459.643,74.8685
4460.669,72.2427
4461.695,67.3846
4462.724,68.9128
4463.750,70.0466
4464.780,75.6367
4465.807,72.6214
4466.837,73.6701
4467.864,73.3985
4468.892,72.4641
4469.923,69.8655
4470.951,71.2546
4471.982,73.6048
4473.011,72.2836
4474.042,71.3827
4475.072,71.4851
4476.101,76.0194
4477.133,68.7965
4478.163,73.6576
4479.196,76.3394
4480.227,75.9707
4481.259,72.4409
4482.291,70.9081
4483.321,69.2945
4484.355,69.8555
4485.387,70.1684
4486.421,67.4349
4487.454,68.5677
4488.488,72.7480
4489.521,68.3093
4490.554,71.6858
4491.589,71.7834
4492.623,73.2701
4493.658,76.6201
4494.692,72.1050
4495.729,70.4996
4496.763,74.6551
4497.800,74.7720
4498.834,74.2799
4499.870,71.3653
4500.907,68.6692
4501.942,67.4696
4502.980,66.4633
4504.017,71.8476
4505.055,65.4537
4506.091,73.5402
4507.128,69.3708
4508.167,73.2030
4509.205,69.3684
4510.245,72.1670
4511.282,76.5309
4512.322,74.3386
4513.360,73.3333
4514.398,72.5678
4515.439,72.1184
4516.479,72.4573
4517.520,71.4860
4518.559,72.0660
4519.601,70.6532
4520.641,73.3581
4521.681,71.9305
4522.724,69.1215
4523.764,72.5056
4524.807,71.1031
4525.848,67.7934
4526.892,70.7376
4527.933,71.4400
4528.975,74.1207
4530.019,71.2022
4531.061,70.2725
4532.106,73.2068
4533.149,69.3017
4534.194,72.4567
4535.237,72.3639
4536.280,68.7023
4537.327,72.0521
4538.370,74.2726
4539.417,69.3115
4540.461,75.8362
4541.508,70.4200
4542.553,68.8299
4543.598,67.6406
4544.646,69.7922
4545.691,71.5662
4546.739,70.9992
4547.785,71.8521
4548.834,72.0505
4549.880,73.1605
4550.927,67.6590
4551.977,71.6831
4553.024,65.0003
4554.074,68.7323
4555.122,70.1944
4556.172,68.1490
4557.220,67.6936
4558.269,66.1643
4559.319,68.7143
4560.368,69.2619
4561.420,66.0505
4562.469,66.6903
4563.521,69.0365
4564.571,67.5859
4565.621,66.7407
4566.674,69.0141
4567.725,68.4999
4568.778,67.0101
4569.829,67.3059
4570.883,65.7274
4571.934,65.5150
4572.989,66.5579
4574.041,63.8958
4575.093,66.5575
4576.148,70.3072
4577.201,68.7783
4578.256,66.2732
4579.309,64.4292
4580.365,63.4510
4581.419,65.2515
4582.473,65.8414
4583.530,63.9221
4584.584,65.4343
4585.641,64.5293
4586.696,62.8151
4587.754,62.4867
4588.809,62.9298
4589.865,61.9140
4590.923,63.4155
4591.979,61.5258
4593.039,63.3274
4594.095,63.7135
4595.154,62.4095
4596.211,65.2751
4597.269,65.1064
4598.329,65.4495
4599.387,64.5885
4600.447,60.9358
4601.506,64.2230
4602.567,64.2272
4603.625,66.6664
4604.685,64.1281
4605.747,62.1125
4606.806,62.9537
4607.869,64.0438
4608.929,61.2819
4609.991,64.2631
4611.052,64.6300
4612.113,62.3338
4613.176,65.5553
4614.237,65.5916
4615.301,64.7240
4616.363,64.3273
4617.428,65.2761
4618.490,62.1313
4619.552,63.9185
4620.618,63.2341
4621.681,63.0360
4622.747,63.2572
4623.810,61.5700
4624.876,64.3439
4625.940,63.0178
4627.004,61.3063
4628.071,61.5856
4629.136,63.4366
4630.203,66.0281
4631.269,65.2131
4632.336,62.0487
4633.402,62.5852
4634.468,62.0692
4635.537,64.3069
4636.603,59.9667
4637.672,62.0174
4638.739,60.6060
4639.809,60.3480
4640.876,61.9435
4641.944,60.7016
4643.014,58.0631
4644.083,63.2889
4645.153,62.9680
4646.222,60.6596
4647.293,62.7980
4648.362,60.5507
4649.432,59.4983
4650.504,63.9482
4651.574,60.2576
4652.646,63.5086
4653.717,63.9009
4654.790,63.6024
4655.861,64.4043
4656.935,63.7020
4658.006,62.9778
4659.077,63.9580
4660.152,62.8772
4661.224,62.2285
4662.298,63.8484
4663.371,64.5878
4664.446,62.9161
4665.520,61.0524
4666.593,62.4302
4667.669,64.9641
4668.743,63.6730
4669.819,63.1868
4670.894,67.1636
4671.971,62.5805
4673.045,62.9770
4674.121,63.5091
4675.198,64.9107
4676.274,65.5387
4677.352,62.2520
4678.428,66.8432
4679.507,66.0078
4680.583,63.5345
4681.660,64.5897
4682.740,64.3508
4683.817,64.0080
4684.897,62.3894
4685.975,61.2103
4687.056,63.0352
4688.134,62.7999
4689.212,61.2032
4690.293,61.9647
4691.373,61.2696
4692.455,62.1103
4693.534,68.1586
4694.616,61.0218
4695.696,64.2638
4696.776,61.6492
4697.859,60.0022
4698.940,63.1385
4700.024,60.7043
4701.105,60.3672
4702.189,61.6760
4703.271,61.3626
4704.353,63.8546
4705.438,62.3498
4706.520,60.2453
4707.605,62.9285
4708.688,61.0238
4709.774,63.6272
4710.858,62.8920
4711.941,61.5441
4713.028,60.9136
4714.112,62.8285
4715.199,59.0406
4716.284,64.4643
4717.372,62.7644
4718.457,63.0149
4719.542,62.6530
4720.631,60.8457
4721.717,58.5603
4722.806,58.4562
4723.892,59.5532
4724.981,60.1560
4726.068,60.5976
4727.155,58.8763
4728.246,57.8780
4729.333,59.3429
4730.424,59.6045
4731.512,63.2582
4732.603,61.5576
4733.692,63.0917
4734.781,62.4701
4735.873,63.2374
4736.962,59.8757
4738.055,62.6084
4739.145,61.7122
4740.237,58.4537
4741.328,56.7078
4742.421,58.4410
4743.512,59.7047
4744.604,58.7645
4745.697,59.6400
4746.789,62.4789
4747.884,60.2766
4748.976,58.3861
4750.071,59.8481
4751.164,56.3346
4752.257,57.7197
4753.353,58.3427
4754.446,58.1663
4755.542,58.3308
4756.637,59.0308
4757.733,60.4989
4758.828,58.8979
4759.923,57.5511
4761.021,58.7593
4762.116,55.2862
4763.214,61.5330
4764.310,57.1800
4765.408,59.5340
4766.504,57.5410
4767.601,55.4312
4768.700,60.0083
4769.797,59.5361
4770.897,58.2306
4771.995,60.2035
4773.095,58.0710
4774.193,57.5719
4775.292,60.2860
4776.393,59.6791
4777.492,59.8933
4778.593,60.4664
4779.692,60.4424
4780.795,59.7089
4781.895,62.4339
4782.995,60.8277
4784.098,58.7832
4785.198,59.5542
4786.302,60.3023
4787.403,59.6427
4788.507,60.5857
4789.608,57.3611
4790.710,58.9727
4791.815,60.0690
4792.917,59.1589
4794.022,58.8492
4795.125,58.9606
4796.231,57.3258
4797.334,56.4528
4798.438,58.8974
4799.544,57.0748
4800.649,58.1765
4801.756,57.2556
4802.860,54.6275
4803.968,52.4690
4805.073,57.1628
4806.178,56.2355
4807.287,59.7416
4808.393,57.1267
4809.501,57.4108
4810.608,60.2600
4811.717,56.6632
4812.824,56.9318
4813.931,57.1982
4815.042,55.3308
4816.149,56.8801
4817.260,57.3391
4818.368,55.4152
4819.479,55.3888
4820.588,56.7778
4821.697,56.1673
4822.809,55.8603
4823.918,57.4983
4825.030,55.0752
4826.140,58.0775
4827.253,58.7194
4828.364,55.8482
4829.477,54.5455
4830.588,54.3189
4831.699,55.0984
4832.813,55.9414
4833.925,54.7520
4835.040,53.5300
4836.152,51.9878
4837.268,55.5101
4838.380,54.5246
4839.494,55.0553
4840.609,53.5851
4841.723,53.4797
4842.839,52.8010
4843.954,51.3707
4845.071,52.1828
4846.185,52.1867
4847.300,50.7600
4848.418,53.0596
4849.533,53.8603
4850.651,50.5243
4851.768,52.6948
4852.886,50.4525
4854.002,50.6359
4855.119,52.4820
4856.239,51.9324
4857.356,49.8998
4858.476,51.7915
4859.594,49.1031
4860.714,50.6306
4861.833,52.4818
4862.951,50.6216
4864.072,46.9971
4865.191,53.0678
4866.313,48.5655
4867.433,49.5271
4868.555,50.7522
4869.675,53.2265
4870.795,51.9728
4871.919,51.0384
4873.040,51.3971
4874.163,49.6899
4875.285,50.7012
4876.409,52.1818
4877.531,51.9473
4878.653,50.6446
4879.778,47.5952
4880.900,49.4098
4882.026,50.9597
4883.149,50.8873
4884.275,48.9348
4885.398,51.8558
4886.522,51.2483
4887.649,52.7057
4888.773,53.4673
4889.901,51.7694
4891.026,52.0979
4892.154,52.1932
4893.279,50.0208
4894.405,51.4559
4895.534,52.3318
4896.660,54.7234
4897.789,53.4007
4898.916,53.9680
4900.045,54.8955
4901.172,53.0069
4902.300,53.3987
4903.431,53.7292
4904.559,52.3876
4905.689,54.4826
4906.818,55.4833
4907.950,54.8214
4909.079,56.3543
4910.208,54.9261
4911.340,55.5682
4912.470,57.3675
4913.603,53.5874
4914.733,55.1668
4915.867,53.8320
4916.998,57.6225
4918.131,55.7273
4919.263,52.6442
4920.395,52.6139
4921.529,53.6131
4922.661,55.2347
4923.796,56.3881
4924.929,53.4892
4926.065,53.0998
4927.198,55.6831
4928.332,54.4988
4929.468,55.0957
4930.602,54.7302
4931.739,53.6419
4932.874,56.2291
4934.011,56.2004
4935.146,56.7455
4936.281,57.4278
4937.419,56.5526
4938.556,57.3764
4939.694,57.5004
4940.831,56.4741
4941.970,58.3616
4943.107,58.3114
4944.244,57.1140
4945.384,58.1912
4946.522,58.5796
4947.663,59.1109
4948.801,57.0774
4949.942,56.7695
4951.081,56.0624
4952.220,53.6992
4953.362,58.4910
4954.501,55.9305
4955.644,58.4505
4956.784,59.4354
4957.927,57.0777
4959.067,58.5071
4960.208,55.6998
4961.352,56.4598
4962.493,55.9510
4963.638,55.9194
4964.779,57.4706
4965.924,57.7038
4967.067,56.2502
4968.209,56.7299
4969.355,55.1726
4970.498,56.1575
4971.645,56.2980
4972.788,57.5399
4973.935,55.6967
4975.079,55.4067
4976.224,56.5063
4977.371,58.1468
4978.516,56.4115
4979.664,55.1245
4980.810,55.3391
4981.958,53.2082
4983.104,52.8793
4984.251,55.4760
4985.400,54.9879
4986.547,53.4663
4987.697,55.5175
4988.844,56.3997
4989.995,55.2378
4991.143,55.3146
4992.291,53.3416
4993.442,52.3040
4994.591,55.3343
4995.743,54.9591
4996.892,52.1403
4998.044,52.0223
4999.194,53.2579
5000.344,50.8745
5001.497,54.0894
5002.647,53.0545
5003.801,53.7825
5004.952,52.6883
5006.106,49.9467
5007.258,53.2399
5008.413,51.5583
5009.565,51.4827
5010.717,50.8613
5011.873,50.5965
5013.026,52.5425
5014.182,50.5899
5015.335,52.7337
5016.492,54.2213
5017.646,50.9500
5018.800,49.5986
5019.958,48.8966
5021.112,51.2932
5022.270,48.5319
5023.426,49.9864
5024.584,49.7628
5025.740,51.0264
5026.896,49.7964
5028.055,51.7864
5029.212,51.8430
5030.372,48.9855
5031.529,48.2133
5032.689,48.6658
5033.847,49.4226
5035.005,50.6887
5036.166,50.7434
5037.325,48.2863
5038.486,50.2764
5039.646,50.5179
5040.808,50.2574
5041.967,49.9008
5043.127,49.2291
5044.290,47.4453
5045.450,48.0389
5046.614,50.0063
5047.775,48.0805
5048.939,50.4720
5050.100,46.1592
5051.262,52.0467
5052.427,47.9028
5053.589,51.2340
5054.754,48.3207
5055.917,49.0945
5057.083,48.3292
5058.247,49.3829
5059.410,50.2968
5060.577,50.2929
5061.741,49.5923
5062.908,50.8729
5064.073,50.7663
5065.241,49.0724
5066.406,50.7499
5067.572,47.5274
5068.740,50.3241
5069.906,50.5356
5071.075,47.9469
5072.242,48.5177
5073.412,50.1692
5074.579,49.7678
5075.746,50.2523
5076.917,53.2188
5078.084,49.3770
5079.255,48.6502
5080.424,46.9630
5081.596,48.9666
5082.765,46.4551
5083.934,48.0175
5085.106,48.5044
5086.276,49.7502
5087.449,48.2841
5088.619,49.4343
5089.792,50.7919
5090.963,49.1798
5092.135,46.1611
5093.309,48.2035
5094.480,48.9074
5095.655,49.1757
5096.828,49.9498
5098.003,49.6824
5099.176,47.7145
5100.352,48.6802
5101.525,52.3294
5102.699,50.7143
5103.875,49.5548
5105.049,50.8546
5106.227,49.3394
5107.401,47.6370
5108.579,49.5484
5109.754,49.2800
5110.930,48.7745
5112.108,48.3185
5113.284,49.0310
5114.463,50.0572
5115.640,47.7258
5116.820,48.8657
5117.997,50.9608
5119.174,49.8756
5120.354,50.1066
5121.533,48.7648
5122.713,48.0581
5123.892,47.5716
5125.074,50.5165
5126.252,49.1780
5127.432,46.0167
5128.614,50.9998
5129.794,47.2216
5130.977,48.1287
5132.157,51.4543
5133.341,48.9287
5134.522,49.8083
5135.703,48.5940
5136.887,50.4390
5138.069,49.7132
5139.254,50.7409
5140.436,49.5160
5141.622,52.7290
5142.804,50.7506
5143.987,49.9646
5145.174,52.4103
5146.357,49.2612
5147.544,49.1754
5148.728,51.3546
5149.916,50.5328
5151.100,49.6791
5152.285,49.1153
5153.473,48.8518
5154.659,50.4492
5155.848,50.5799
5157.034,51.3506
5158.223,49.5209
5159.410,51.9163
5160.596,52.1838
5161.786,49.7074
5162.974,52.0299
5164.165,54.0934
5165.353,50.8960
5166.543,50.0732
5167.732,48.3106
5168.921,49.9391
5170.113,49.9613
5171.302,49.2693
5172.495,52.0738
5173.685,49.3862
5174.878,50.7320
5176.068,49.5299
5177.259,50.9388
5178.453,52.7316
5179.644,50.6911
5180.838,50.2379
5182.030,51.6160
5183.225,51.3088
5184.417,53.5148
5185.610,52.9862
5186.806,51.2905
5188.000,51.4405
5189.196,49.8213
5190.390,53.7328
5191.586,53.2359
5192.781,52.7027
5193.978,51.3901
5195.173,52.8380
5196.368,55.9829
5197.566,53.5272
5198.762,51.8268
5199.961,54.5242
5201.157,53.7836
5202.356,52.7317
5203.553,51.4516
5204.750,52.5533
5205.951,54.1069
5207.148,53.8812
5208.349,54.5620
5209.547,55.0421
5210.749,55.6133
5211.947,57.6845
5213.146,55.8593
5214.348,54.8932
5215.548,55.2764
5216.750,53.8113
5217.951,57.7628
5219.154,58.3776
5220.354,59.2976
5221.556,59.0328
5222.760,59.3466
5223.961,60.9910
5225.166,61.2666
5226.368,60.5359
5227.573,64.6213
5228.775,61.1144
5229.979,60.1810
5231.185,62.4167
5232.388,61.9925
5233.594,62.8289
5234.798,65.3409
5236.005,63.8935
5237.210,64.0274
5238.415,63.7136
5239.623,63.5515
5240.828,61.3845
5242.037,64.3655
5243.243,62.8416
5244.452,63.9467
5245.658,63.1799
5246.865,61.7500
5248.075,61.3341
5249.282,64.6917
5250.493,60.5098
5251.701,59.9251
5252.912,62.2318
5254.120,63.3657
5255.329,61.3256
5256.541,61.5900
5257.750,63.0501
5258.962,61.9387
5260.172,63.4741
5261.385,63.2689
5262.596,63.4980
5263.806,62.8671
5265.020,60.3353
5266.231,61.5459
5267.446,62.2081
5268.657,60.9350
5269.872,62.3605
5271.084,60.5971
5272.297,59.0607
5273.513,64.3955
5274.726,59.6936
5275.942,65.0799
5277.156,60.0646
5278.373,63.5531
5279.587,60.3356
5280.805,59.7723
5282.020,61.0435
5283.235,60.3113
5284.453,59.0627
5285.669,59.7345
5286.888,57.1999
5288.104,59.2112
5289.323,58.2076
5290.540,56.2247
5291.757,59.5120
5292.978,57.0766
5294.195,57.7573
5295.416,57.4412
5296.634,55.5565
5297.855,54.0047
5299.074,53.7263
5300.293,56.3281
5301.516,55.3620
5302.735,54.9416
5303.958,53.1933
5305.178,51.1465
5306.401,55.0610
5307.622,51.2784
5308.843,52.7980
5310.067,52.7915
5311.289,52.2374
5312.514,54.6421
5313.736,51.7502
5314.961,53.3517
5316.184,50.1210
5317.407,51.2181
5318.633,52.7118
5319.857,50.7037
5321.083,53.1626
5322.308,50.6259
5323.535,51.0998
5324.760,51.4949
5325.984,48.9039
5327.213,51.6544
5328.438,50.4999
5329.667,50.5463
5330.893,50.4005
5332.122,48.2139
5333.349,47.5324
5334.576,48.8256
5335.806,49.0586
5337.034,50.4905
5338.264,50.1797
5339.492,50.0640
5340.724,51.2004
5341.952,50.1856
5343.181,51.2348
5344.413,48.4564
5345.643,48.2905
5346.875,49.5101
5348.105,48.5275
5349.339,47.7265
5350.569,48.3782
5351.800,47.5192
5353.034,45.3795
5354.266,48.2133
5355.500,49.1363
5356.732,46.1679
5357.968,48.0210
5359.200,50.4278
5360.433,47.6191
5361.669,49.5570
5362.903,49.0006
5364.139,47.8761
5365.374,46.2431
5366.611,46.8056
5367.845,48.0862
5369.080,47.9759
5370.318,47.3439
5371.554,46.0194
5372.792,47.7813
5374.028,45.4994
5375.268,49.6003
5376.504,47.2773
5377.744,48.8508
5378.981,48.9651
5380.218,45.7485
5381.459,48.8593
5382.697,49.8032
5383.938,48.8131
5385.177,48.7541
5386.419,50.0919
5387.658,48.6260
5388.897,48.3250
5390.140,46.3271
5391.380,48.4153
5392.623,46.5069
5393.864,47.6378
5395.107,47.4856
5396.349,47.3624
5397.590,46.3904
5398.835,49.1709
5400.077,49.0625
5401.322,48.1220
5402.564,48.7064
5403.811,48.1942
5405.054,47.7907
5406.297,48.6311
5407.544,50.4037
5408.788,50.3728
5410.035,50.3442
5411.280,50.6616
5412.527,50.7006
5413.772,49.5167
5415.018,50.7364
5416.267,48.0592
5417.513,51.4855
5418.762,50.6458
5420.008,49.1021
5421.258,50.3724
5422.505,50.5537
5423.753,48.0542
5425.003,51.1087
5426.251,50.8328
5427.503,50.8099
5428.751,49.6240
5430.003,54.3852
5431.252,50.6361
5432.502,53.7000
5433.755,53.4134
5435.005,53.5786
5436.258,50.1410
5437.509,54.1240
5438.763,51.2556
5440.014,48.7455
5441.265,49.9668
5442.520,52.4526
5443.772,53.5855
5445.027,52.6707
5446.280,54.1852
5447.536,51.9917
5448.789,53.4284
5450.042,53.9873
5451.299,53.3942
5452.553,57.9397
5453.811,55.2931
5455.065,52.2334
5456.323,55.7703
5457.579,54.3264
5458.834,53.0559
5460.093,55.4048
5461.349,53.4860
5462.608,57.5569
5463.865,55.9163
5465.125,54.3074
5466.382,53.6090
5467.640,55.0251
5468.900,55.8808
5470.159,54.5329
5471.420,56.1567
5472.679,53.9755
5473.940,54.1821
5475.200,55.5379
5476.462,53.4795
5477.722,56.1880
5478.982,53.6700
5480.246,55.9609
5481.507,54.4874
5482.771,55.4983
5484.032,53.8118
5485.296,57.0739
5486.559,56.0341
5487.821,56.1963
5489.086,56.2159
5490.349,54.9534
5491.615,56.9794
5492.878,57.2314
5494.145,58.0037
5495.409,55.1983
5496.673,54.4578
5497.940,53.2088
5499.206,55.9828
5500.474,55.2393
5501.739,54.3724
5503.007,54.1684
5504.273,54.5529
5505.540,56.5330
5506.810,55.7353
5508.076,54.2771
5509.346,53.1115
5510.614,53.7526
5511.884,53.7070
5513.152,55.4625
5514.421,53.5271
5515.692,56.3562
5516.961,53.8306
5518.233,55.9366
5519.503,55.5137
5520.776,54.5987
5522.046,56.0021
5523.316,56.1496
5524.590,54.4609
5525.861,54.9326
5527.135,54.2734
5528.406,57.0556
5529.681,57.2719
5530.954,55.2062
5532.226,54.5577
5533.501,53.2629
5534.774,54.8762
5536.051,54.9621
5537.324,53.6913
5538.601,53.0239
5539.875,50.9097
5541.150,55.3445
5542.428,54.8742
5543.703,55.9854
5544.981,50.8593
5546.257,53.8542
5547.536,53.2827
5548.812,52.5851
5550.088,51.4796
5551.368,53.8963
5552.645,53.4397
5553.926,53.3235
5555.203,52.2711
5556.484,53.6957
5557.763,51.9418
5559.041,50.7142
5560.323,50.1858
5561.602,49.6210
5562.885,51.3743
5564.165,53.4182
5565.447,51.9791
5566.728,52.6539
5568.008,53.3491
5569.292,53.5543
5570.574,51.4244
5571.858,52.0664
5573.140,51.9383
5574.425,53.4330
5575.708,48.6981
5576.993,45.5612
5578.276,47.8173
5579.560,69.6634
5580.846,37.1123
5582.130,51.1041
5583.417,51.5609
5584.702,50.8006
5585.989,52.5708
5587.274,50.2396
5588.560,52.7298
5589.849,50.4874
5591.135,51.8980
5592.424,52.5921
5593.710,52.9135
5595.000,50.7961
5596.288,52.5563
5597.575,49.0561
5598.866,50.7832
5600.154,51.3828
5601.445,50.5258
5602.733,51.1588
5604.025,50.5702
5605.315,49.8861
5606.604,51.2624
5607.897,48.6917
5609.187,49.8675
5610.480,50.4983
5611.771,48.9084
5613.065,49.6315
5614.357,49.8686
5615.648,48.8160
5616.943,47.7634
5618.235,49.2778
5619.531,48.4047
5620.824,48.6307
5622.120,48.6378
5623.413,49.3330
5624.707,50.6443
5626.004,46.2231
5627.298,49.1639
5628.596,48.1293
5629.891,49.6144
5631.189,47.6468
5632.484,48.0891
5633.780,48.8019
5635.079,48.1653
5636.375,47.4390
5637.675,48.3128
5638.972,46.6456
5640.272,47.6161
5641.570,47.6668
5642.868,47.8574
5644.169,47.6410
5645.468,46.5429
5646.770,47.0993
5648.068,45.9723
5649.371,47.3604
5650.670,49.0446
5651.971,45.6594
5653.274,44.3438
5654.574,44.4668
5655.878,46.0344
5657.180,45.1914
5658.484,46.4344
5659.786,45.3607
5661.088,44.0800
5662.393,44.0841
5663.696,47.1834
5665.002,45.4823
5666.305,45.0648
5667.612,45.3783
5668.916,42.8450
5670.220,42.3636
5671.527,44.4475
5672.832,45.8474
5674.140,44.1147
5675.445,43.7848
5676.754,42.4196
5678.060,45.3895
5679.370,46.1718
5680.676,46.4885
5681.983,41.6477
5683.293,43.4255
5684.601,45.3948
5685.911,44.2639
5687.219,42.6606
5688.531,44.2125
5689.839,44.8111
5691.148,43.7675
5692.461,45.5318
5693.771,45.3569
5695.083,43.4323
5696.394,43.1888
5697.707,41.8344
5699.018,42.9774
5700.329,42.9521
5701.643,44.3086
5702.955,39.8368
5704.270,43.0648
5705.583,40.3993
5706.898,43.5521
5708.211,44.2259
5709.524,44.0827
5710.841,42.8996
5712.154,43.0140
5713.472,42.4693
5714.786,41.7841
5716.104,44.2149
5717.419,43.8899
5718.734,43.4781
5720.053,41.2115
5721.369,40.4410
5722.688,42.7780
5724.004,40.3269
5725.324,40.9661
5726.642,39.2131
5727.959,41.6902
5729.280,42.3635
5730.598,40.8124
5731.919,40.6535
5733.238,42.5143
5734.560,42.4145
5735.879,41.6516
5737.199,41.5184
5738.521,43.2225
5739.842,42.5005
5741.166,41.1423
5742.486,38.5577
5743.811,39.9058
5745.132,40.5517
5746.454,39.0283
5747.778,41.7758
5749.101,41.2047
5750.427,42.0703
5751.750,43.6512
5753.076,41.5952
5754.399,40.3278
5755.723,43.2051
5757.050,43.6328
5758.375,39.8038
5759.703,40.4677
5761.027,42.9390
5762.356,39.9818
5763.682,41.8083
5765.008,41.3804
5766.337,42.3212
5767.664,39.7309
5768.994,42.4864
5770.321,40.0614
5771.651,40.9789
5772.979,39.6862
5774.307,39.7887
5775.639,41.9289
5776.967,43.2552
5778.299,41.2679
5779.629,46.6478
5780.961,40.5613
5782.292,43.3231
5783.625,40.7422
5784.956,41.9335
5786.286,41.3234
5787.621,41.8105
5788.952,39.4182
5790.287,41.8014
5791.619,42.5595
5792.955,44.5109
5794.287,42.6720
5795.620,43.7215
5796.957,46.2702
5798.290,45.1515
5799.627,46.1599
5800.961,46.2486
5802.299,46.0132
5803.634,45.9842
5804.969,47.3819
5806.308,45.9779
5807.644,45.6853
5808.982,45.6174
5810.319,46.3553
5811.659,46.7474
5812.996,45.8443
5814.333,44.7322
5815.674,48.2835
5817.012,49.0229
5818.353,50.3521
5819.691,46.7898
5821.034,48.8179
5822.373,51.4387
5823.712,53.0573
5825.055,52.3481
5826.395,49.6140
5827.739,52.4235
5829.079,50.3510
5830.423,51.2798
5831.765,51.4584
5833.106,54.1275
5834.452,55.2611
5835.793,53.5210
5837.140,56.9866
5838.482,56.9865
5839.829,57.7454
5841.172,57.4995
5842.516,60.1220
5843.863,59.3408
5845.208,59.1436
5846.555,60.6842
5847.900,62.5691
5849.249,61.3172
5850.594,64.3404
5851.940,62.7892
5853.290,64.6881
5854.636,65.5374
5855.986,64.1638
5857.333,65.0861
5858.684,68.1659
5860.032,67.4048
5861.380,67.3897
5862.732,69.5513
5864.081,68.4877
5865.433,69.9248
5866.782,67.6206
5868.135,71.8708
5869.485,70.6486
5870.835,68.3706
5872.189,67.8560
5873.540,67.6013
5874.894,68.2191
5876.246,66.9688
5877.601,71.6192
5878.953,72.5058
5880.305,69.9746
5881.661,68.6463
5883.015,71.1588
5884.371,72.2745
5885.725,71.1631
5887.082,68.1636
5888.437,64.9616
5889.794,63.0514
5891.149,69.6215
5892.504,72.6190
5893.863,65.6068
5895.219,63.6370
5896.579,67.4078
5897.935,72.0969
5899.295,68.8879
5900.652,66.5538
5902.010,66.2807
5903.371,67.4251
5904.729,68.7106
5906.090,68.5692
5907.449,68.1625
5908.811,66.2883
5910.170,64.1199
5911.530,62.8685
5912.893,62.0141
5914.253,64.0322
5915.617,62.8074
5916.978,61.7753
5918.343,64.0990
5919.704,61.1830
5921.066,59.9686
5922.431,59.6891
5923.794,59.3018
5925.160,59.0703
5926.523,58.3755
5927.890,61.5636
5929.253,58.6205
5930.617,59.4952
5931.985,56.3686
5933.350,59.4039
5934.718,55.5367
5936.083,55.0662
5937.452,54.6218
5938.818,54.2266
5940.184,52.5272
5941.554,51.7199
5942.920,54.0548
5944.291,50.8013
5945.659,49.1868
5947.030,50.1677
5948.397,48.8315
5949.766,50.5273
5951.138,49.8215
5952.507,49.6751
5953.880,49.1831
5955.250,51.8420
5956.623,49.2216
5957.993,49.4577
5959.364,47.9092
5960.738,49.1319
5962.109,49.6064
5963.484,49.1354
5964.856,50.3069
5966.231,48.2566
5967.604,48.0897
5968.977,45.1227
5970.353,46.4554
5971.727,45.2690
5973.104,47.2390
5974.478,47.8850
5975.855,45.3950
5977.230,47.6807
5978.605,46.7083
5979.984,45.1598
5981.360,44.2925
5982.739,46.3721
5984.115,43.2175
5985.495,44.9786
5986.872,45.0828
5988.250,45.1975
5989.630,47.7928
5991.008,46.5185
5992.390,45.9352
5993.768,46.1777
5995.150,44.4297
5996.530,48.0109
5997.913,47.4633
5999.292,48.3855
6000.672,45.1281
6002.056,45.4566
6003.437,44.3871
6004.821,45.6105
6006.203,42.1369
6007.587,42.3591
6008.970,42.3352
6010.352,41.8090
6011.738,41.6171
6013.121,41.5063
6014.508,41.9792
6015.891,42.0551
6017.278,40.9077
6018.663,41.4080
6020.047,42.1033
6021.436,42.6831
6022.821,40.1114
6024.209,40.7221
6025.596,40.9839
6026.985,41.8077
6028.372,39.4692
6029.758,41.1137
6031.149,42.5810
6032.536,41.9834
6033.927,44.8296
6035.315,43.9131
6036.707,42.2423
6038.096,43.1687
6039.485,43.7564
6040.877,44.5598
6042.267,45.0717
6043.661,44.8611
6045.051,44.6266
6046.445,47.0245
6047.836,46.4476
6049.227,45.4136
6050.622,45.8102
6052.014,46.8289
6053.410,48.8104
6054.802,51.4003
6056.198,52.0847
6057.592,53.6856
6058.985,54.5613
6060.382,53.5724
6061.776,51.1261
6063.174,46.7770
6064.569,44.4939
6065.968,43.7879
6067.363,43.2074
6068.759,43.6692
6070.158,43.6273
6071.555,42.4764
6072.955,42.4064
6074.352,43.7001
6075.753,43.0127
6077.150,44.0992
6078.548,41.7857
6079.950,43.3922
6081.349,43.2218
6082.751,42.6716
6084.150,43.7225
6085.554,43.6486
6086.954,42.6000
6088.354,42.1895
6089.758,43.5753
6091.159,44.0424
6092.563,43.8273
6093.965,42.5436
6095.370,43.0510
6096.772,41.7288
6098.178,43.3942
6099.581,41.7896
6100.984,43.9961
6102.391,42.0974
6103.795,39.9241
6105.203,40.0102
6106.607,42.0683
6108.015,43.3148
6109.420,40.8199
6110.826,39.9987
6112.235,42.3324
6113.641,39.9326
6115.051,39.5721
6116.458,40.9957
6117.868,40.6559
6119.275,41.2526
6120.683,38.9839
6122.095,38.5805
6123.503,39.3148
6124.915,40.0255
6126.324,40.2505
6127.737,39.4643
6129.146,38.4650
6130.557,37.9897
6131.970,37.8232
6133.381,38.7392
6134.795,36.9913
6136.207,38.0367
6137.622,38.3003
6139.034,36.2402
6140.446,35.6760
6141.862,35.9474
6143.275,38.2328
6144.691,37.9010
6146.105,34.9428
6147.522,34.3872
6148.937,37.4618
6150.351,35.7280
6151.769,37.3594
6153.185,36.2974
6154.604,37.7796
6156.019,38.0444
6157.439,37.9634
6158.855,39.2374
6160.272,39.4172
6161.693,39.2893
6163.110,38.6503
6164.531,37.8750
6165.950,37.1359
6167.371,36.4672
6168.790,36.1693
6170.209,36.2421
6171.632,36.5109
6173.052,36.3579
6174.476,35.8429
6175.896,37.4004
6177.320,39.5585
6178.741,34.8981
6180.163,37.9265
6181.587,35.6747
6183.010,38.0041
6184.436,36.7186
6185.858,34.9317
6187.285,38.1255
6188.708,39.4542
6190.132,37.8129
6191.559,39.1798
6192.983,38.8812
6194.412,36.5443
6195.836,38.1838
6197.265,37.9461
6198.691,38.7863
6200.117,39.6723
6201.547,37.9506
6202.973,37.3846
6204.404,38.7514
6205.831,39.8168
6207.262,39.6686
6208.690,39.6419
6210.122,39.6980
6211.550,39.8108
6212.979,39.6722
6214.412,38.7587
6215.842,40.6183
6217.275,40.9795
6218.706,40.2854
6220.139,40.0628
6221.570,40.6514
6223.001,40.7430
6224.437,41.6628
6225.869,40.9185
6227.304,39.6875
6228.737,39.1016
6230.173,40.0140
6231.606,41.4653
6233.040,40.1489
6234.477,39.5482
6235.912,41.5767
6237.350,38.3022
6238.784,40.6653
6240.223,40.4604
6241.659,40.4605
6243.094,41.4796
6244.534,40.3286
6245.971,42.0673
6247.411,41.5769
6248.848,39.5772
6250.289,41.0380
6251.727,42.0137
6253.165,40.7802
6254.607,40.2062
6256.046,40.9538
6257.489,41.2206
6258.928,40.8010
6260.372,41.0874
6261.812,42.6590
6263.252,41.3105
6264.696,42.8670
6266.138,42.3528
6267.583,44.6832
6269.024,42.0410
6270.470,41.1644
6271.913,40.8093
6273.355,40.1432
6274.802,42.2482
6276.246,42.5268
6277.693,41.5509
6279.137,41.8367
6280.585,40.5808
6282.030,41.5607
6283.475,41.0071
6284.924,41.3062
6286.370,42.1670
6287.819,41.0250
6289.266,43.5129
6290.716,41.8814
6292.164,41.1258
6293.611,41.7223
6295.062,40.5186
6296.510,40.7282
6297.962,41.0568
6299.411,39.3631
6300.864,39.8139
6302.313,40.8875
6303.763,39.1768
6305.217,41.3639
6306.667,41.7829
6308.122,40.0398
6309.573,41.5000
6311.028,40.9084
6312.479,41.2273
6313.932,41.4950
6315.388,43.1631
6316.840,42.1154
6318.297,41.7164
6319.751,42.5492
6321.208,41.2693
6322.662,40.4405
6324.120,40.2589
6325.575,39.6896
6327.030,40.3641
6328.489,40.4932
6329.945,39.7312
6331.405,41.3278
6332.861,41.9667
6334.322,39.9282
6335.779,41.3296
6337.236,41.7440
6338.698,41.7670
6340.156,43.5531
6341.618,40.9451
6343.077,43.2148
6344.540,41.7904
6345.999,41.1487
6347.459,41.0086
6348.923,39.2262
6350.383,40.9726
6351.848,40.0681
6353.309,39.2643
6354.774,40.6511
6356.236,41.2280
6357.698,42.4042
6359.164,41.2817
6360.627,41.3891
6362.094,41.3593
6363.558,41.0846
6365.025,40.2503
6366.489,40.2206
6367.954,38.7061
6369.422,38.6243
6370.888,39.0437
6372.356,39.6316
6373.823,40.1091
6375.292,38.8395
6376.759,38.9807
6378.226,40.8200
6379.697,39.1245
6381.165,41.2629
6382.636,41.4243
6384.104,41.5854
6385.576,42.4673
6387.045,41.2819
6388.515,41.3051
6389.988,40.9549
6391.458,41.2758
6392.932,41.4204
6394.402,42.4874
6395.877,43.0087
6397.348,42.0584
6398.820,42.0617
6400.295,42.9305
6401.768,42.5824
6403.244,42.5763
6404.717,42.4187
6406.194,41.7484
6407.668,43.2087
6409.142,42.9738
6410.620,40.3061
6412.095,42.6450
6413.573,40.4721
6415.049,41.1754
6416.528,41.1647
6418.004,42.5362
6419.480,41.5941
6420.961,41.6228
6422.438,40.8703
6423.919,40.5561
6425.397,41.4205
6426.878,39.9759
6428.357,40.0415
6429.836,41.5318
6431.318,39.9900
6432.798,39.1924
6434.281,39.9122
6435.762,40.3563
6437.246,41.1853
6438.727,39.5623
6440.211,39.7113
6441.693,38.2606
6443.175,41.3117
6444.661,38.7129
6446.143,38.6071
6447.629,39.0965
6449.113,39.0526
6450.600,39.7166
6452.084,39.9637
6453.568,39.0122
6455.057,39.2217
6456.542,40.4979
6458.030,39.8917
6459.516,38.4217
6461.005,39.3423
6462.492,40.1909
6463.979,39.3724
6465.469,39.2005
6466.957,38.9691
6468.448,37.6438
6469.936,37.9893
6471.428,36.8710
6472.917,38.2115
6474.406,38.5063
6475.898,38.3185
6477.388,37.0811
6478.882,37.0118
6480.373,37.6569
6481.867,38.6068
6483.358,39.3739
6484.850,37.8954
6486.345,36.3373
6487.837,37.3118
6489.333,36.1980
6490.826,36.4805
6492.323,36.8679
6493.816,36.3812
6495.310,36.3213
6496.808,37.4928
6498.303,36.3083
6499.801,35.0787
6501.296,38.1013
6502.795,36.9487
6504.292,37.2339
6505.788,37.3416
6507.288,37.8920
6508.785,38.1715
6510.286,35.9228
6511.784,34.6511
6513.285,36.7079
6514.784,36.4977
6516.282,35.5471
6517.785,36.2709
6519.284,36.8557
6520.788,35.4306
6522.288,35.5115
6523.792,35.4739
6525.292,36.1068
6526.794,35.6922
6528.299,35.2434
6529.801,34.7196
6531.306,34.2420
6532.809,33.5496
6534.315,33.7112
6535.818,33.4075
6537.322,33.4013
6538.830,34.7530
6540.334,33.7454
6541.842,33.7683
6543.347,35.3314
6544.856,34.1740
6546.361,34.2707
6547.868,34.6262
6549.377,33.8891
6550.884,33.0233
6552.395,33.5772
6553.902,32.4073
6555.414,32.9916
6556.921,35.8623
6558.434,35.1946
6559.942,34.6229
6561.451,33.8035
6562.964,33.3907
6564.474,33.6905
6565.988,32.9801
6567.499,33.4961
6569.013,33.1227
6570.524,33.4693
6572.036,33.8600
6573.551,34.2604
6575.063,34.0937
6576.580,33.1385
6578.092,34.7055
6579.609,35.4618
6581.123,33.7789
6582.637,34.9789
6584.155,33.2933
6585.669,34.1861
6587.188,35.7071
6588.704,34.4923
6590.223,34.3791
6591.739,33.2007
6593.255,35.3014
6594.776,33.7939
6596.293,34.4636
6597.814,33.9341
6599.332,34.7155
6600.854,33.0532
6602.372,33.0177
6603.891,34.1319
6605.414,33.2025
6606.934,34.3155
6608.457,34.9075
6609.977,32.8173
6611.501,33.3821
6613.022,33.6960
6614.544,33.3940
6616.069,34.0790
6617.591,34.4576
6619.117,31.6423
6620.640,33.6380
6622.167,32.6880
6623.690,31.7377
6625.214,33.7447
6626.742,32.7473
6628.266,32.4748
6629.794,32.9973
6631.320,32.2827
6632.849,33.2251
6634.375,33.3819
6635.901,33.4041
6637.431,32.7733
6638.958,32.4923
6640.489,33.9207
6642.017,32.5892
6643.548,31.8881
6645.077,33.0340
6646.605,32.7311
6648.138,33.9475
6649.667,33.3581
6651.201,33.4101
6652.731,33.5181
6654.265,34.4316
6655.796,33.8488
6657.327,33.7135
6658.862,33.5780
6660.394,32.7901
6661.930,33.1768
6663.462,32.0698
6664.999,32.8463
6666.532,32.7099
6668.066,33.9311
6669.604,32.3645
6671.138,33.2918
6672.676,33.3178
6674.211,31.7575
6675.750,32.3141
6677.286,33.2023
6678.826,32.5634
6680.362,33.3796
6681.899,33.0199
6683.440,32.1523
6684.978,33.6262
6686.519,33.1927
6688.057,32.0252
6689.600,32.6870
6691.138,32.1732
6692.678,33.2584
6694.221,32.2566
6695.761,31.9230
6697.305,33.5514
6698.846,33.5534
6700.391,33.5721
6701.932,32.3051
6703.474,32.3513
6705.020,31.7719
6706.562,33.1060
6708.108,33.3984
6709.652,32.7088
6711.199,34.7434
6712.743,33.2953
6714.287,32.4801
6715.835,32.9884
6717.380,33.2441
6718.929,33.4286
6720.475,33.8124
6722.025,33.7631
6723.571,33.0326
6725.118,32.8326
6726.668,32.7790
6728.216,32.8077
6729.768,34.0435
6731.316,32.4432
6732.868,32.0298
6734.417,31.7477
6735.966,32.5336
6737.520,32.5782
6739.069,31.3477
6740.624,33.1822
6742.174,33.0502
6743.729,31.8120
6745.280,33.3132
6746.832,31.7873
6748.388,31.6700
6749.940,31.8646
6751.497,31.0012
6753.050,32.1327
6754.607,32.5913
6756.161,32.2340
6757.715,33.9032
6759.273,31.9377
6760.829,31.0465
6762.388,30.9565
6763.943,30.3135
6765.503,30.8970
6767.060,31.6699
6768.616,31.7420
6770.177,31.2126
6771.734,31.1688
6773.296,32.2061
6774.854,32.5024
6776.417,30.0486
6777.976,32.5242
6779.535,30.8676
6781.098,30.5953
6782.658,31.5749
6784.222,31.5037
6785.783,32.2429
6787.348,31.7373
6788.909,30.8903
6790.471,31.8832
6792.037,32.0450
6793.599,31.4555
6795.166,31.2434
6796.729,32.6194
6798.296,31.3689
6799.860,32.2364
6801.428,29.6405
6802.993,31.2717
6804.558,31.1662
6806.127,30.4390
6807.693,30.8273
6809.263,30.3520
6810.829,31.4211
6812.399,32.2048
6813.967,30.9569
6815.534,30.5924
6817.106,31.3574
6818.674,30.4191
6820.247,29.6407
6821.815,30.9502
6823.389,31.2459
6824.958,31.0113
6826.528,31.2293
6828.103,30.2445
6829.673,31.9661
6831.249,33.1639
6832.820,31.6038
6834.396,30.1437
6835.968,31.0584
6837.541,30.3446
6839.117,29.8594
6840.690,30.6132
6842.268,31.7051
6843.842,31.2797
6845.420,30.6842
6846.995,31.7509
6848.570,31.6353
6850.149,28.9361
6851.725,30.8342
6853.305,30.8733
6854.882,29.9804
6856.462,29.6254
6858.040,31.5335
6859.618,31.1329
6861.199,30.2647
6862.778,30.5282
6864.360,31.1082
6865.939,32.5331
6867.522,31.4419
6869.103,30.9982
6870.683,31.4560
6872.267,29.9844
6873.848,33.1628
6875.433,31.1656
6877.015,28.8401
6878.601,30.6904
6880.183,31.7622
6881.766,32.4886
6883.353,31.1756
6884.936,31.9434
6886.524,31.9351
6888.108,32.0446
6889.696,30.6762
6891.281,31.6657
6892.867,32.6562
6894.456,32.6916
6896.042,32.0581
6897.632,33.6558
6899.219,32.9911
6900.811,31.8621
6902.398,31.7442
6903.986,31.6398
6905.578,30.7318
6907.167,29.1246
6908.759,30.4446
6910.349,31.8060
6911.942,32.1120
6913.532,32.1834
6915.123,32.7813
6916.717,30.9516
6918.308,31.0620
6919.904,31.3202
6921.496,31.1394
6923.092,31.7392
6924.685,31.1022
6926.281,31.1724
6927.875,31.3355
6929.468,30.7042
6931.066,31.0837
6932.661,30.9638
6934.259,29.5939
6935.854,29.3793
6937.454,30.9133
6939.050,31.3226
6940.646,30.3500
6942.247,31.9897
6943.844,30.6147
6945.445,29.7118
6947.043,31.7495
6948.645,30.6760
6950.243,31.3586
6951.842,30.5641
6953.445,31.2243
6955.045,31.4285
6956.649,30.0390
6958.249,30.3972
6959.854,31.7514
6961.455,30.4018
6963.056,30.0213
6964.662,32.0878
6966.264,30.5794
6967.871,32.7898
6969.474,31.6328
6971.081,32.1245
6972.684,33.3170
6974.289,31.7920
6975.896,31.7478
6977.501,32.7119
6979.110,31.8544
6980.716,33.7316
6982.326,30.7272
6983.932,30.6387
6985.539,32.0124
6987.149,30.6719
6988.757,32.3782
6990.369,31.5351
6991.977,31.4653
6993.589,30.7926
6995.198,30.4708
6996.807,31.0053
6998.420,31.5668
7000.030,30.2158
7001.645,29.9191
7003.255,31.2513
7004.870,33.0043
7006.482,33.0585
7008.094,31.1399
7009.709,30.7335
7011.322,30.9363
7012.939,31.0639
7014.552,31.9633
7016.170,31.3076
7017.784,30.7710
7019.398,32.0225
7021.017,31.0068
7022.632,32.4158
7024.251,32.7031
7025.868,31.8608
7027.488,32.2621
7029.104,31.3988
7030.721,30.7657
7032.343,31.7855
7033.960,31.7886
7035.583,32.5270
7037.201,32.3037
7038.824,32.4816
7040.443,31.6661
7042.066,32.3133
7043.687,31.8527
7045.307,32.0879
7046.932,32.6010
7048.553,33.4498
7050.178,33.2983
7051.800,32.3371
7053.426,33.2123
7055.049,32.9148
7056.672,32.5868
7058.299,32.1386
7059.923,33.1135
7061.551,33.3320
7063.175,33.5045
7064.804,34.7023
7066.429,34.6177
7068.055,32.2620
7069.685,33.3266
7071.311,33.9765
7072.942,33.6684
7074.569,34.4751
7076.200,33.6236
7077.828,34.5854
7079.456,34.0014
7081.089,34.4349
7082.718,33.2682
7084.351,34.5237
7085.981,35.1929
7087.615,33.7472
7089.245,34.7914
7090.876,33.4680
7092.511,34.3702
7094.143,33.2247
7095.779,33.1722
7097.411,33.9387
7099.048,35.3930
7100.681,34.9704
7102.314,35.8519
7103.952,35.7977
7105.586,35.5215
7107.225,35.4036
7108.860,35.1635
7110.500,34.9234
7112.135,34.5867
7113.771,34.6295
7115.412,34.8616
7117.048,35.3027
7118.690,34.6445
7120.327,33.8938
7121.969,34.4843
7123.608,34.3750
7125.247,33.2214
7126.890,33.6846
7128.529,33.6732
7130.173,32.9343
7131.813,34.0740
7133.458,34.7006
7135.099,34.4440
7136.740,32.9653
7138.386,34.6460
7140.028,35.1379
7141.675,35.1575
7143.317,33.9094
7144.965,32.6079
7146.608,32.2009
7148.252,34.7594
7149.901,33.9698
7151.546,33.8627
7153.195,33.2913
7154.840,33.7387
7156.490,33.7626
7158.137,34.8565
7159.783,32.9000
7161.435,32.2265
7163.082,31.5877
7164.734,34.0624
7166.382,32.1075
7168.035,32.2370
7169.684,32.0817
7171.337,30.6778
7172.986,31.3217
7174.637,30.3275
7176.291,30.1967
7177.942,30.8084
7179.597,29.9401
7181.249,30.6566
7182.905,31.1287
7184.557,30.7342
7186.210,30.4206
7187.867,29.0074
7189.521,31.4122
7191.179,31.9551
7192.833,31.6093
7194.492,31.3489
7196.146,30.6631
7197.802,30.4802
7199.462,31.3784
7201.118,33.3717
7202.779,31.3009
7204.436,30.7818
7206.097,31.7780
7207.755,31.3744
7209.413,31.1972
7211.076,31.1841
7212.734,30.7425
7214.397,28.9846
7216.057,31.2304
7217.721,32.3194
7219.382,31.9700
7221.042,30.4877
7222.708,31.7182
7224.369,31.3395
7226.035,29.3197
7227.697,31.7819
7229.364,32.0156
7231.027,29.1364
7232.691,31.6704
7234.358,32.0227
7236.023,30.8206
7237.691,31.2030
7239.356,29.8548
7241.026,31.2158
7242.692,29.1510
7244.358,33.4903
7246.028,30.5788
7247.695,28.2906
7249.367,30.1035
7251.034,29.8088
7252.707,30.1235
7254.375,32.2281
7256.044,30.4489
7257.717,31.2504
7259.387,30.4841
7261.061,29.6699
7262.731,30.5563
7264.406,31.0143
7266.077,30.0410
7267.749,31.1834
7269.424,30.9593
7271.097,31.0903
7272.773,29.6814
7274.446,29.8899
7276.124,29.7788
7277.798,32.3511
7279.472,34.3266
7281.151,26.7729
7282.826,27.5820
7284.505,27.9028
7286.181,28.7474
7287.861,32.0276
7289.538,29.5437
7291.215,30.2301
7292.896,30.7799
7294.574,30.1855
7296.256,30.4286
7297.934,31.4701
7299.617,32.3071
7301.296,30.4055
7302.980,29.9956
7304.660,29.6220
7306.341,29.3158
7308.025,30.2896
7309.707,29.6024
7311.392,31.3712
7313.074,30.7023
7314.761,28.7360
7316.443,28.4156
7318.126,32.9203
7319.814,32.7639
7321.498,26.5539
7323.186,31.5889
7324.871,31.8725
7326.560,29.4397
7328.246,31.4616
7329.931,32.3524
7331.622,31.3894
7333.308,33.3122
7335.000,29.2658
7336.687,31.4069
7338.378,32.1206
7340.067,30.0205
7341.755,31.2871
7343.448,33.7131
7345.138,30.9423
7346.832,29.4443
7348.521,31.5270
7350.216,31.1962
7351.907,31.6137
7353.598,32.7750
7355.294,31.4981
7356.986,30.7710
7358.683,31.3963
7360.375,30.5485
7362.073,31.9773
7363.766,29.5824
7365.460,31.0611
7367.159,29.7816
7368.854,30.5827
7370.553,32.5416
7372.249,31.1032
7373.949,28.7180
7375.645,30.8160
7377.342,31.4770
7379.043,30.1314
7380.740,30.7903
7382.442,31.0240
7384.141,29.6252
7385.843,29.9516
7387.542,29.7605
7389.242,31.0435
7390.946,30.9779
7392.646,31.0726
7394.351,29.8239
7396.052,30.6858
7397.757,29.1326
7399.459,30.4212
7401.162,30.5966
7402.868,29.4376
7404.571,32.8144
7406.279,30.8105
7407.982,29.1328
7409.691,31.2039
7411.396,29.3349
7413.101,29.6147
7414.810,30.4251
7416.516,29.6028
7418.226,29.1355
7419.933,30.3035
7421.644,30.0137
7423.351,28.9799
7425.059,30.5651
7426.771,29.8925
7428.479,28.6973
7430.192,30.1129
7431.901,30.0077
7433.615,30.6170
7435.326,30.0837
7437.040,29.0698
7438.751,30.4287
7440.462,30.4894
7442.178,28.1241
7443.890,28.9938
7445.606,29.4757
7447.319,29.5016
7449.037,29.4453
7450.750,29.4975
7452.464,29.3077
7454.183,28.4685
7455.898,29.7420
7457.617,29.2739
7459.333,29.5444
7461.053,28.8577
7462.769,29.7514
7464.486,29.7915
7466.207,28.5472
7467.925,29.1476
7469.647,30.3575
7471.365,29.5961
7473.088,30.0441
7474.808,30.9169
7476.527,28.5258
7478.251,29.2049
7479.971,29.3509
7481.696,30.7396
7483.417,31.5063
7485.143,28.6453
7486.865,30.8350
7488.587,28.4604
7490.314,28.8740
7492.037,29.3612
7493.765,29.0619
7495.489,29.2258
7497.217,29.3875
7498.942,29.3283
7500.667,29.2172
7502.397,29.5715
7504.123,29.9065
7505.853,29.1886
7507.580,29.8741
7509.311,30.2714
7511.039,30.7287
7512.767,29.6251
7514.499,29.1186
7516.228,30.0895
7517.961,30.9313
7519.690,31.9611
7521.424,31.3841
7523.155,30.4417
7524.885,31.0094
7526.621,32.2596
7528.352,29.5919
7530.088,29.1357
7531.820,29.7967
7533.557,31.2387
7535.291,29.8384
7537.024,30.3557
7538.762,29.3443
7540.496,29.1571
7542.235,29.3580
7543.970,30.2679
7545.709,28.5947
7547.445,29.1337
7549.182,30.1599
7550.923,30.3476
7552.660,29.4750
7554.401,28.7857
7556.139,29.8377
7557.882,29.8810
7559.620,30.8048
7561.359,29.9287
7563.103,29.5909
7564.843,29.9756
7566.587,30.0470
7568.328,30.0629
7570.073,30.9977
7571.815,29.7719
7573.561,31.6634
7575.303,30.3723
7577.046,28.4892
7578.793,29.2588
7580.537,29.7315
7582.285,29.1139
7584.029,28.7133
7585.778,30.3882
7587.523,30.8022
7589.269,31.0686
7591.019,32.2979
7592.765,31.3690
7594.516,29.5606
7596.263,29.8600
7598.014,27.4133
7599.762,28.4299
7601.511,31.2936
7603.264,31.4549
7605.013,30.7264
7606.766,31.5602
7608.516,35.0232
7610.271,33.7275
7612.021,31.6772
7613.772,32.4979
7615.528,31.7706
7617.280,29.2286
7619.037,31.1471
7620.790,32.0670
7622.547,31.3697
7624.300,29.4561
7626.054,30.8881
7627.813,29.5310
7629.568,31.4099
7631.327,29.0044
7633.083,30.2319
7634.843,28.1909
7636.599,32.6356
7638.356,30.8480
7640.117,30.4130
7641.875,30.6706
7643.637,27.9109
7645.396,29.6246
7647.159,29.2402
7648.918,28.8006
7650.677,31.4571
7652.442,29.3156
7654.202,30.5330
7655.967,30.9417
7657.729,28.7278
7659.494,30.5634
7661.256,32.4357
7663.019,31.4157
7664.786,32.0563
7666.549,30.8611
7668.317,30.9694
7670.081,30.7211
7671.850,32.8900
7673.615,31.1590
7675.380,31.0292
7677.150,30.8479
7678.916,31.5750
7680.687,32.6790
7682.454,32.3291
7684.225,31.9772
7685.993,33.1581
7687.761,28.0917
7689.534,32.3157
7691.303,31.4491
7693.077,33.3566
7694.846,32.2473
7696.621,31.4342
7698.391,30.9840
7700.162,31.4830
7701.938,31.2246
7703.710,32.3899
7705.486,31.3794
7707.259,31.1450
7709.036,32.8127
7710.810,31.4747
7712.588,30.5485
7714.362,35.5620
7716.137,36.5784
7717.916,34.3697
7719.691,31.8305
7721.472,29.0430
7723.248,31.3039
7725.029,33.5045
7726.806,33.4705
7728.583,31.7796
7730.366,31.3388
7732.144,33.0983
7733.927,32.1273
7735.707,32.8250
7737.490,32.7255
7739.270,32.2277
7741.051,31.5540
7742.835,32.2081
7744.617,33.6781
7746.403,31.6948
7748.185,33.0502
7749.972,31.0060
7751.754,33.5336
7753.538,34.2306
7755.326,31.3276
7757.110,30.2204
7758.898,32.8030
7760.684,32.4789
7762.473,33.8614
7764.259,31.6953
7766.045,32.4406
7767.836,33.6573
7769.623,34.0346
7771.415,33.0003
7773.202,33.3986
7774.995,34.5403
7776.783,33.2599
7778.572,33.6956
7780.366,33.1775
7782.156,34.0224
7783.951,35.0837
7785.741,31.1927
7787.537,34.3476
7789.328,33.7553
7791.120,32.8890
7792.917,34.4517
7794.709,33.7905
7796.507,35.7870
7798.300,33.9038
7800.099,32.8361
7801.893,36.9251
7803.688,35.3947
7805.487,35.3571
7807.283,34.9596
7809.083,37.1560
7810.880,39.5239
7812.681,36.0937
7814.479,37.0024
7816.276,35.5107
7818.079,37.4258
7819.877,35.9986
7821.680,38.4960
7823.479,39.1492
7825.284,42.7813
7827.084,37.7423
7828.884,38.6878
7830.690,39.7645
7832.491,41.5432
7834.297,39.2224
7836.100,41.1455
7837.907,41.2087
7839.710,42.3482
7841.513,41.7906
7843.321,43.6296
7845.126,44.1283
7846.935,42.0435
7848.740,42.3533
7850.550,43.9656
7852.356,43.8853
7854.167,44.7750
7855.974,51.0819
7857.781,48.6954
7859.593,44.1610
7861.401,45.3563
7863.214,47.8828
7865.022,49.8852
7866.836,48.1633
7868.646,49.4483
7870.456,51.1847
7872.271,52.7949
7874.082,55.7542
7875.898,57.6821
7877.710,57.9210
7879.526,59.7987
7881.339,61.3284
7883.152,63.0330
7884.970,64.2769
7886.784,66.6920
7888.603,70.5893
7890.417,71.7320
7892.237,78.9551
7894.052,75.2722
7895.869,76.6853
7897.689,77.5938
7899.506,82.0143
7901.328,84.5965
7903.146,86.5903
7904.968,87.9819
7906.786,91.4896
7908.605,96.9679
7910.429,95.5359
7912.249,96.4634
7914.073,99.2103
7915.894,105.8205
7917.719,103.3477
7919.541,99.1964
7921.363,101.7854
7923.189,104.9642
7925.012,100.2256
7926.839,100.3712
7928.663,100.2540
7930.491,99.7440
7932.316,102.3389
7934.141,103.4046
7935.970,105.7109
7937.796,107.5687
7939.626,109.6169
7941.453,108.6120
7943.284,106.2718
7945.111,107.1674
7946.939,105.5502
7948.772,105.9863
7950.601,107.6903
7952.434,108.8530
7954.263,105.1701
7956.098,105.6372
7957.928,109.0678
7959.758,106.9745
7961.594,104.5920
7963.425,106.7602
7965.262,103.0653
7967.094,110.7801
7968.932,104.7871
7970.765,100.3038
7972.598,94.6417
7974.437,90.4244
7976.271,87.8320
7978.111,86.1584
7979.946,83.1294
7981.786,80.8046
7983.623,79.6840
7985.459,76.4207
7987.300,74.1522
7989.138,72.3153
7990.980,71.6809
7992.818,70.0153
7994.662,71.0458
7996.500,71.4575
7998.345,62.5525
8000.185,63.4758
8002.025,62.5395
8003.871,59.7835
8005.711,60.6340
8007.558,57.2370
8009.400,56.1144
8011.247,54.4831
8013.090,55.0802
8014.933,54.0147
8016.781,52.5005
8018.625,51.0946
8020.475,48.0957
8022.320,49.1038
8024.170,47.4933
8026.016,44.9056
8027.862,45.2975
8029.713,45.0815
8031.561,41.6104
8033.413,41.8680
8035.261,42.0410
8037.114,40.1121
8038.962,39.8591
8040.812,41.0879
8042.666,40.3062
8044.516,39.0037
8046.371,38.0580
8048.222,39.3434
8050.078,37.7377
8051.930,36.5228
8053.783,37.7507
8055.640,36.0214
8057.493,34.9127
8059.351,37.4430
8061.205,34.9163
8063.064,37.4355
8064.919,36.6093
8066.774,34.5795
8068.634,32.8326
8070.490,35.8970
8072.352,35.4523
8074.208,33.9958
8076.070,32.4053
8077.928,32.9487
8079.787,34.2032
8081.650,35.5725
8083.509,33.6473
8085.373,32.7248
8087.233,34.4520
8089.098,32.7443
8090.959,31.8604
8092.820,31.8155
8094.687,33.5715
8096.548,30.8025
8098.416,32.0150
8100.279,30.8191
8102.146,30.8036
8104.010,32.1102
8105.875,31.9868
8107.744,28.9438
8109.609,31.2399
8111.479,29.3576
8113.345,32.0833
8115.216,27.8614
8117.083,28.7560
8118.950,30.8580
8120.823,29.9548
8122.691,30.2013
8124.564,29.3031
8126.433,30.0007
8128.307,28.7340
8130.177,29.5619
8132.051,30.0798
8133.922,29.3399
8135.793,28.4479
8137.669,27.7724
8139.542,28.0935
8141.418,28.0760
8143.292,27.3007
8145.169,28.4187
8147.043,29.1327
8148.917,27.1279
8150.796,27.0654
8152.671,26.6813
8154.551,25.3607
8156.427,27.3030
8158.308,26.8187
8160.185,28.7513
8162.062,28.4344
8163.944,26.8119
8165.823,26.3721
8167.706,27.1705
8169.584,26.9464
8171.468,27.5991
8173.348,27.5832
8175.229,27.9838
8177.114,28.2741
8178.995,28.5540
8180.881,26.4785
8182.763,26.9161
8184.650,27.1544
8186.533,28.8763
8188.416,27.0587
8190.304,27.9339
8192.188,29.3707
8194.077,27.9314
8195.963,29.0028
8197.853,31.8632
8199.738,29.2411
8201.625,28.3856
8203.516,27.9298
8205.403,27.1831
8207.296,28.5422
8209.184,28.9099
8211.076,26.0013
8212.966,26.4318
8214.854,27.6623
8216.749,29.1711
8218.640,25.9636
8220.534,27.2023
8222.426,27.1793
8224.322,27.6784
8226.214,26.8211
8228.106,26.2438
8230.004,27.0250
8231.896,25.7542
8233.795,25.1309
8235.689,27.0509
8237.589,24.2208
8239.483,25.5038
8241.379,26.5582
8243.279,26.7518
8245.176,26.1126
8247.077,26.6758
8248.975,26.0368
8250.877,26.8211
8252.774,26.4900
8254.673,25.9229
8256.577,29.2179
8258.477,26.5814
8260.381,26.0231
8262.281,26.3412
8264.187,25.2433
8266.087,26.8617
8267.989,26.1134
8269.896,26.6652
8271.798,26.3574
8273.705,25.2390
8275.608,26.2467
8277.517,25.3562
8279.421,26.2097
8281.330,26.2770
8283.235,26.0996
8285.142,27.6000
8287.052,25.3509
8288.958,27.3229
8290.869,23.9704
8292.777,24.2218
8294.689,26.7602
8296.598,24.9938
8298.506,26.5943
8300.420,24.8656
8302.329,28.7718
8304.243,23.3483
8306.154,25.5916
8308.069,25.0579
8309.980,25.5395
8311.893,23.6179
8313.809,26.9668
8315.722,25.5115
8317.640,24.2034
8319.553,23.8397
8321.471,24.7002
8323.386,26.2083
8325.300,26.8318
8327.220,25.9828
8329.136,25.6619
8331.057,26.2260
8332.973,24.8297
8334.895,25.2232
8336.812,26.7202
8338.729,26.5153
8340.652,26.1395
8342.571,23.6818
8344.495,24.3453
8346.415,18.6568
8348.340,33.2429
8350.260,24.0288
8352.181,23.3502
8354.107,21.8487
8356.029,25.2054
8357.956,26.5104
8359.879,24.6300
8361.807,24.3923
8363.729,24.6182
8365.654,26.2140
8367.583,24.8010
8369.508,25.5136
8371.438,23.6331
8373.364,25.2120
8375.295,26.4674
8377.222,26.0773
8379.148,24.0432
8381.081,25.9002
8383.009,26.3850
8384.942,29.9971
8386.871,27.5770
8388.805,23.7866
8390.734,27.2020
8392.665,26.2611
8394.601,26.5317
8396.531,26.1767
8398.468,22.4795
8400.399,26.7036
8402.337,33.8800
8404.270,26.8739
8406.203,24.3456
8408.142,26.8350
8410.076,26.1779
8412.016,24.6255
8413.950,26.1811
8415.891,23.7161
8417.827,25.0392
8419.764,25.7433
8421.705,25.0319
8423.643,26.1814
8425.585,25.2406
8427.523,25.3548
8429.467,25.3042
8431.405,22.8542
8433.350,31.7556
8435.290,28.2305
8437.230,22.7235
8439.176,24.7876
8441.117,24.3109
8443.064,25.6865
8445.006,26.8854
8446.954,24.1555
8448.896,27.3365
8450.841,25.0205
8452.789,25.9435
8454.734,29.6497
8456.684,26.8214
8458.629,26.1368
8460.579,27.1874
8462.525,24.6727
8464.473,26.4769
8466.425,23.7921
8468.372,34.3611
8470.325,27.6774
8472.273,25.8289
8474.228,25.5790
8476.177,26.2586
8478.127,25.6982
8480.082,26.5038
8482.032,25.0674
8483.988,28.5613
8485.940,24.9992
8487.897,26.0152
8489.850,25.9642
8491.803,25.5053
8493.761,25.7291
8495.715,27.5200
8497.674,28.4948
8499.629,27.8155
8501.589,27.1741
8503.545,26.6723
8505.501,28.4216
8507.462,32.5477
8509.420,30.3716
8511.382,26.5909
8513.340,25.8261
8515.303,26.9156
8517.262,26.4664
8519.222,27.4421
8521.186,28.2504
8523.146,27.8846
8525.111,27.3786
8527.072,26.5003
8529.039,27.5956
8531.001,26.6969
8532.964,27.7253
8534.932,25.8049
8536.895,25.9140
8538.863,25.5898
8540.828,27.1561
8542.797,26.6621
8544.763,25.3643
8546.729,26.9081
8548.699,27.6874
8550.666,25.9894
8552.638,30.3241
8554.604,24.6003
8556.577,26.3541
8558.546,26.2902
8560.515,25.1768
8562.489,26.2606
8564.459,26.6908
8566.434,26.8464
8568.404,26.3790
8570.380,26.3620
8572.352,25.9990
8574.324,24.6496
8576.301,26.8451
8578.274,23.5028
8580.252,25.9887
8582.226,25.5503
8584.205,24.8083
8586.180,27.6882
8588.160,25.2127
8590.136,26.1591
8592.111,26.1533
8594.093,23.4606
8596.070,26.6413
8598.053,26.1528
8600.030,27.3957
8602.014,23.0291
8603.992,23.7579
8605.972,26.0746
8607.956,26.9560
8609.937,28.1125
8611.922,23.6780
8613.903,24.8180
8615.890,26.7078
8617.871,29.8366
8619.854,24.4657
8621.842,28.5812
8623.825,25.5664
8625.813,29.1322
8627.798,25.5094
8629.788,26.0960
8631.772,30.0362
8633.759,30.9754
8635.750,28.9019
8637.736,28.9371
8639.729,28.9853
8641.716,26.8446
8643.708,28.0611
8645.697,26.4305
8647.686,25.9427
8649.680,24.7337
8651.670,25.7733
8653.665,26.7523
8655.655,26.0738
8657.651,27.5535
8659.644,25.4147
8661.636,24.6451
8663.633,24.4390
8665.626,24.5678
8667.624,27.6046
8669.618,27.5979
8671.617,20.4816
8673.612,28.7054
8675.607,21.8741
8677.608,25.7045
8679.604,26.3076
8681.605,25.6974
8683.603,25.9458
8685.605,25.9263
8687.604,26.0361
8689.603,26.5071
8691.605,25.8495
8693.605,24.8788
8695.610,26.3415
8697.610,26.2830
8699.616,22.9206
8701.617,23.9196
8703.619,24.0668
8705.626,25.5922
8707.629,26.1369
8709.637,25.9745
8711.641,25.6406
8713.649,24.2980
8715.654,23.9923
8717.659,25.4589
8719.670,25.3443
8721.676,24.0014
8723.687,24.9948
8725.693,24.9465
8727.706,25.7226
8729.713,24.2509
8731.722,24.6510
8733.735,25.9171
8735.744,24.4700
8737.759,25.0840
8739.769,25.3942
8741.784,25.4171
8743.795,25.4654
8745.812,25.3848
8747.823,24.3044
8749.836,26.3829
8751.854,25.1481
8753.867,25.3409
8755.886,24.0318
8757.900,23.3798
8759.920,23.1502
8761.935,30.3847
8763.950,30.3629
8765.972,31.0643
8767.988,23.4906
8770.010,21.2031
8772.027,23.6615
8774.050,25.1153
8776.068,23.8400
8778.088,22.5317
8780.111,28.0749
8782.132,31.2824
8784.156,24.0554
8786.178,25.0510
8788.203,24.7637
8790.226,23.5111
8792.247,28.5079
8794.275,28.9893
8796.298,26.5677
8798.326,25.2169
8800.351,25.3815
8802.380,23.4352
8804.405,24.0462
8806.431,24.9034
8808.461,25.7917
8810.487,25.6273
8812.520,25.3175
8814.546,25.2724
8816.579,25.1434
8818.607,24.7866
8820.636,22.1306
8822.670,25.8363
8824.699,24.8958
8826.734,19.3093
8828.765,24.4332
8830.801,29.9477
8832.833,26.5470
8834.864,28.6796
8836.901,21.6805
8838.935,34.3063
8840.973,31.0642
8843.007,25.7974
8845.046,24.9929
8847.081,24.6683
8849.116,25.4710
8851.156,23.8596
8853.192,29.8580
8855.234,27.2099
8857.271,23.2939
8859.314,24.2746
8861.352,25.2769
8863.391,24.7094
8865.435,27.1339
8867.474,20.6085
8869.519,27.4328
8871.560,30.0597
8873.604,24.5818
8875.646,23.3778
8877.688,26.6766
8879.735,24.2112
8881.778,26.0569
8883.826,22.9453
8885.870,18.2018
8887.919,26.9153
8889.964,33.1130
8892.009,25.9599
8894.060,25.4165
8896.105,25.5626
8898.156,23.8992
8900.204,26.8847
8902.256,25.4627
8904.304,24.4210
8906.357,26.3758
8908.406,25.7626
8910.456,24.9118
8912.511,23.6979
8914.561,25.6147
8916.616,25.8457
8918.668,21.1830
8920.725,17.1918
8922.776,35.1962
8924.829,24.1051
8926.887,23.5180
8928.940,23.7587
8931.000,24.8360
8933.055,24.9218
8935.114,21.9818
8937.170,24.4657
8939.226,25.8287
8941.287,25.2561
8943.344,21.9928
8945.406,23.1760
8947.464,27.9717
8949.527,20.9450
8951.586,24.7828
8953.646,24.5994
8955.710,24.3810
8957.771,19.6556
8959.836,19.6802
8961.897,26.0640
8963.964,25.6232
8966.026,23.9913
8968.089,24.9183
8970.157,24.2167
8972.221,22.4133
8974.289,25.0238
8976.354,26.6444
8978.424,24.6622
8980.489,24.5764
8982.556,25.2665
8984.627,24.2351
8986.693,24.4180
8988.766,21.8379
8990.834,25.2744
8992.907,24.2613
8994.976,24.0523
8997.045,23.7438
8999.120,23.3410
9001.190,21.3669
9003.266,24.4770
9005.337,34.7080
9007.413,25.0283
9009.485,22.8704
9011.559,25.2446
9013.636,22.0167
9015.710,21.2872
9017.789,26.3307
9019.863,24.1029
9021.943,24.0446
9024.019,25.8005
9026.095,24.1073
9028.176,28.9783
9030.253,27.1110
9032.335,24.6337
9034.413,25.2509
9036.497,24.3998
9038.575,27.1425
9040.654,22.3599
9042.739,29.4086
9044.819,27.0682
9046.905,27.2289
9048.986,24.1019
9051.073,21.2714
9053.155,32.7361
9055.238,19.6919
9057.326,26.9866
9059.410,25.2709
9061.499,24.6850
9063.584,23.8209
9065.674,23.7415
9067.759,25.2320
9069.851,24.9328
9071.937,26.3451
9074.023,25.9326
9076.116,27.2430
9078.204,26.6355
9080.298,24.8569
9082.387,24.1814
9084.480,27.1451
9086.570,24.8709
9088.661,23.2414
9090.757,23.9811
9092.849,26.3947
9094.945,24.0566
9097.037,28.0538
9099.135,24.1899
9101.229,25.0350
9103.322,23.6418
9105.421,24.1782
9107.516,25.4653
9109.616,22.8339
9111.712,25.2555
9113.812,26.2964
9115.909,26.5767
9118.007,24.5985
9120.109,25.1485
9122.207,30.0518
9124.311,25.7716
9126.410,23.3471
9128.515,27.1816
9130.614,25.4862
9132.715,25.1513
9134.821,23.1049
9136.922,20.2052
9139.029,22.9723
9141.132,25.3164
9143.239,29.3792
9145.343,24.4723
9147.447,24.1601
9149.557,26.1988
9151.661,23.1129
9153.771,22.6504
9155.877,26.2480
9157.988,24.0182
9160.096,25.2954
9162.203,23.3972
9164.315,26.4531
9166.424,24.7654
9168.537,27.7239
9170.646,25.4820
9172.762,21.9406
9174.871,25.3151
9176.982,21.5645
9179.099,23.5187
9181.210,22.9954
9183.327,23.4893
9185.439,22.0618
9187.558,21.9599
9189.672,23.8981
9191.785,24.7301
9193.905,24.6630
9196.021,22.5543
9198.141,22.8229
9200.257,24.2452
9202.379,25.6129
9204.495,28.2612
9206.613,24.8993
9208.736,24.1276
9210.854,24.7148
